{
  "roc_auc": 0.868,
  "pr_auc": 0.7181384159723467,
  "mean_real": -427.9215087890625,
  "std_real": 1.7917994260787964,
  "mean_generated": -425.85675048828125,
  "std_generated": 0.05303403362631798,
  "threshold_p5": -425.1673583984375,
  "threshold_3sigma": -422.5461105108261,
  "best_threshold": -426.0445251464844,
  "best_precision": 0.8833922261484098,
  "best_recall": 1.0,
  "best_f1": 0.9380863039394642,
  "metrics_p5": {
    "precision": 0.0,
    "recall": 0.0,
    "f1": 0.0,
    "fpr": 0.051999999999999796,
    "detection_rate": 0.0,
    "tp": 0,
    "fp": 13,
    "tn": 237,
    "fn": 250
  },
  "metrics_3sigma": {
    "precision": 0.0,
    "recall": 0.0,
    "f1": 0.0,
    "fpr": 0.0,
    "detection_rate": 0.0,
    "tp": 0,
    "fp": 0,
    "tn": 250,
    "fn": 250
  },
  "metrics_best": {
    "precision": 0.8833922261484098,
    "recall": 1.0,
    "f1": 0.9380863039399625,
    "fpr": 0.13199999999999948,
    "detection_rate": 1.0,
    "tp": 250,
    "fp": 33,
    "tn": 217,
    "fn": 0
  }
}