{
  "model": "GAN convencional (MLP, q=0, prototipo per-cluster)",
  "seed": 42,
  "resolution": 96,
  "cluster_q": 0,
  "epochs": 500,
  "batch_size": 64,
  "latent_dim": 100,
  "n_reference": 1250,
  "n_generated": 1250,
  "thresholds": {
    "percentil_5": 0.4392678737640381,
    "mu_minus_3sigma": 0.4376564621925354,
    "best_f1_anomaly_scale": 0.5584927797317505
  },
  "score_stats": {
    "reference": {
      "mean": 0.4409662187099457,
      "std": 0.0011032551992684603,
      "min": 0.4357166886329651,
      "max": 0.4459531009197235
    },
    "generated": {
      "mean": 0.4410315454006195,
      "std": 0.00022463819186668843,
      "min": 0.4403468072414398,
      "max": 0.44172531366348267
    }
  },
  "detection_rates": {
    "percentil_5": 0.0,
    "mu_minus_3sigma": 0.0
  },
  "roc_auc": 0.46557344,
  "metrics_percentil_5": {
    "precision": 0.0,
    "recall": 0.0,
    "f1": 0.0
  },
  "metrics_mu_minus_3sigma": {
    "precision": 0.0,
    "recall": 0.0,
    "f1": 0.0
  },
  "metrics_best_f1": {
    "precision": 0.582703213610586,
    "recall": 0.9864,
    "f1": 0.732620320855615
  }
}