{
  "n_reference_test": 250,
  "n_generated_unique": 250,
  "mean_real": 0.4622774004936218,
  "std_real": 0.00446582652239304,
  "mean_generated": 0.4643566620349884,
  "std_generated": 0.0029868776219309084,
  "threshold_p5": 0.4545822948217392,
  "roc_auc": 0.401224
}