mode,TP,FN,FP,TN,TPR,FPR,Precision,Accuracy
beacon_only,250,0,0,250,1.0,0.0,1.0,1.0
disc_only,45,205,13,237,0.18,0.052,0.7758620689655172,0.564
or,250,0,13,237,1.0,0.052,0.9505703422053232,0.974
